Model_Num,Best_Loss,Best_Acc,Best_Loss_Val,Best_Acc_Val
0,3.8431363105773926,1.0,4.632390022277832,0.800000011920929
1,4.308738708496094,1.0,3.7265923023223877,0.800000011920929
2,2.7562930583953857,1.0,2.2607431411743164,0.9200000166893005
3,3.142139196395874,0.9937499761581421,5.802170276641846,0.7599999904632568
4,4.5145955085754395,1.0,3.1202945709228516,0.9599999785423279
5,3.0202219486236572,1.0,1.992771863937378,0.8500000238418579
6,4.92916202545166,1.0,14.031826972961426,0.8500000238418579
7,5.496796607971191,0.9939393997192383,4.112760543823242,0.8500000238418579
