Model_Num,Best_Loss,Best_Acc,Best_Loss_Val,Best_Acc_Val
0,4.8665008544921875,1.0,8.860152244567871,0.5199999809265137
1,4.363079071044922,0.987500011920929,1.3033392429351807,1.0
2,4.746072292327881,1.0,9.635501861572266,0.7599999904632568
3,2.3790736198425293,1.0,3.3226263523101807,0.9200000166893005
4,5.198612213134766,1.0,3.3669464588165283,0.8399999737739563
5,3.934793472290039,1.0,4.8029375076293945,0.8500000238418579
6,5.465437889099121,0.9939393997192383,7.9295973777771,0.800000011920929
7,3.455263137817383,0.9878787994384766,3.1505887508392334,0.949999988079071
