Model_Num,Best_Loss,Best_Acc,Best_Loss_Val,Best_Acc_Val
0,5.704296112060547,1.0,3.7720425128936768,0.9599999785423279
1,5.192909240722656,1.0,4.222604751586914,0.9599999785423279
2,3.173586368560791,1.0,6.898603439331055,0.6800000071525574
3,5.841383457183838,1.0,2.6379034519195557,0.9599999785423279
4,5.816777229309082,1.0,9.263213157653809,0.9599999785423279
5,5.2955451011657715,1.0,4.831498622894287,0.800000011920929
6,2.071939468383789,0.9939393997192383,4.045938968658447,0.8500000238418579
7,4.107585906982422,1.0,4.746460914611816,0.8999999761581421
