Model_Num,Best_Loss,Best_Acc,Best_Loss_Val,Best_Acc_Val
0,3.594630718231201,1.0,5.6366472244262695,0.6399999856948853
1,5.827437400817871,0.9750000238418579,6.174844741821289,0.7200000286102295
2,4.823540687561035,0.9937499761581421,2.5375096797943115,0.9599999785423279
3,3.190005302429199,1.0,1.3477561473846436,1.0
4,6.232369899749756,1.0,5.648016452789307,0.8399999737739563
5,2.2909462451934814,1.0,3.9295291900634766,0.800000011920929
6,3.329793691635132,0.9878787994384766,1.6322044134140015,0.949999988079071
7,4.952999591827393,0.9939393997192383,5.618113040924072,0.949999988079071
