Model_Num,Best_Loss,Best_Acc,Best_Loss_Val,Best_Acc_Val
0,3.519200086593628,1.0,3.9592952728271484,0.7599999904632568
1,3.3672003746032715,1.0,2.7517054080963135,0.9599999785423279
2,5.355464458465576,1.0,3.8616394996643066,0.8399999737739563
3,4.270881175994873,1.0,6.082815170288086,0.7599999904632568
4,4.829583168029785,1.0,5.6919264793396,0.9599999785423279
5,3.894327402114868,1.0,4.363329887390137,0.949999988079071
6,5.8434157371521,1.0,8.571670532226562,0.5
7,5.1669416427612305,0.9939393997192383,1.6760120391845703,0.949999988079071
