Model_Num,Best_Loss,Best_Acc,Best_Loss_Val,Best_Acc_Val
0,2.9899959564208984,1.0,1.4109034538269043,1.0
1,1.8117694854736328,1.0,5.003657341003418,0.800000011920929
2,3.8944530487060547,1.0,3.2077786922454834,0.9599999785423279
3,4.2117791175842285,1.0,8.354696273803711,0.800000011920929
4,2.333482027053833,1.0,5.596540927886963,0.6800000071525574
5,5.005548000335693,1.0,4.621756553649902,0.8500000238418579
6,4.231133460998535,1.0,6.101161003112793,0.6499999761581421
7,3.2919485569000244,1.0,1.2307885885238647,0.949999988079071
