Model_Num,Best_Loss,Best_Acc,Best_Loss_Val,Best_Acc_Val
0,5.253698825836182,0.956250011920929,5.746952533721924,0.800000011920929
1,2.549692153930664,0.9937499761581421,3.789121627807617,0.7599999904632568
2,3.66914439201355,0.981249988079071,6.348651885986328,0.8399999737739563
3,4.160708904266357,0.96875,4.471292495727539,0.9200000166893005
4,5.393016815185547,0.96875,6.4507646560668945,0.6000000238418579
5,4.873172283172607,0.9939393997192383,9.71423053741455,0.8500000238418579
6,3.167917013168335,0.9878787994384766,4.759955883026123,0.75
7,4.746190071105957,0.939393937587738,5.762662887573242,0.699999988079071
