Model_Num,Best_Loss,Best_Acc,Best_Loss_Val,Best_Acc_Val
0,5.189257621765137,1.0,7.020941734313965,0.8399999737739563
1,6.580619812011719,1.0,1.322747826576233,1.0
2,4.839047431945801,1.0,3.81147837638855,0.800000011920929
3,2.9369678497314453,0.9937499761581421,3.30647349357605,0.800000011920929
4,3.160146713256836,1.0,4.5373640060424805,0.6399999856948853
5,4.347067356109619,1.0,5.0529937744140625,0.699999988079071
6,4.754353046417236,1.0,0.4633404612541199,1.0
7,3.9390969276428223,0.9939393997192383,3.9847571849823,0.8500000238418579
