Model_Num,Best_Loss,Best_Acc,Best_Loss_Val,Best_Acc_Val
0,3.630584716796875,1.0,5.552669525146484,0.7599999904632568
1,2.4417481422424316,1.0,2.621145248413086,0.8399999737739563
2,5.0337371826171875,0.9937499761581421,6.170584678649902,1.0
3,2.94551420211792,1.0,6.189863204956055,0.6800000071525574
4,3.910562515258789,1.0,3.769270420074463,0.7599999904632568
5,2.5262298583984375,1.0,10.027071952819824,0.5
6,2.631669759750366,1.0,0.7859621047973633,1.0
7,4.768196105957031,0.9939393997192383,1.611922025680542,0.949999988079071
