Model_Num,Best_Loss,Best_Acc,Best_Loss_Val,Best_Acc_Val
0,3.0471415519714355,1.0,2.4895360469818115,1.0
1,4.065835475921631,1.0,3.1635913848876953,0.9200000166893005
2,4.305456161499023,1.0,9.63172721862793,0.6000000238418579
3,2.6569979190826416,1.0,3.4653167724609375,0.6800000071525574
4,4.108575344085693,1.0,4.581121444702148,0.9599999785423279
5,2.1661324501037598,1.0,5.54156494140625,0.6499999761581421
6,5.3661651611328125,1.0,3.0867090225219727,1.0
7,2.1970276832580566,1.0,2.3783891201019287,0.8999999761581421
