Model_Num,Best_Loss,Best_Acc,Best_Loss_Val,Best_Acc_Val
0,3.912795305252075,1.0,6.506173133850098,0.8399999737739563
1,4.924472332000732,1.0,5.458896636962891,0.8399999737739563
2,4.915304183959961,0.987500011920929,0.3496203124523163,1.0
3,3.4570796489715576,0.9937499761581421,3.9013683795928955,0.800000011920929
4,5.903936862945557,0.9750000238418579,3.084989547729492,1.0
5,2.0434157848358154,1.0,5.614112377166748,0.550000011920929
6,3.119969606399536,1.0,4.748810291290283,0.6499999761581421
7,3.4424169063568115,0.9939393997192383,3.682507276535034,0.800000011920929
