Model_Num,Best_Loss,Best_Acc,Best_Loss_Val,Best_Acc_Val
0,5.196277141571045,0.949999988079071,5.538240432739258,0.8799999952316284
1,4.076249599456787,0.9750000238418579,4.59902811050415,0.7200000286102295
2,5.608786582946777,0.9624999761581421,6.794322490692139,0.6399999856948853
3,4.837141513824463,0.981249988079071,6.822856426239014,0.6800000071525574
4,3.372079849243164,0.949999988079071,5.08574104309082,0.9599999785423279
5,3.0199906826019287,0.9757575988769531,5.0535383224487305,0.8999999761581421
6,4.553246021270752,0.9333333373069763,3.178765058517456,0.8999999761581421
7,6.064111709594727,0.9757575988769531,3.8785901069641113,0.8999999761581421
