Model_Num,Best_Loss,Best_Acc,Best_Loss_Val,Best_Acc_Val
0,5.769073486328125,0.9437500238418579,6.487311840057373,0.7200000286102295
1,4.306179046630859,0.918749988079071,4.3072638511657715,0.800000011920929
2,5.069990158081055,0.918749988079071,6.774866104125977,0.7599999904632568
3,4.758924961090088,0.949999988079071,5.124881744384766,0.7599999904632568
4,4.692141532897949,0.96875,5.564881801605225,0.800000011920929
5,4.436554908752441,0.9272727370262146,9.272143363952637,0.75
6,5.875974178314209,0.903030276298523,3.3741531372070312,0.800000011920929
7,5.048130512237549,0.9696969985961914,10.22874641418457,0.699999988079071
