Model_Num,Best_Loss,Best_Acc,Best_Loss_Val,Best_Acc_Val
0,3.506432056427002,0.9937499761581421,6.231659412384033,0.6800000071525574
1,4.366330623626709,0.96875,5.577628135681152,0.7599999904632568
2,7.233946800231934,0.96875,9.535554885864258,0.6800000071525574
3,4.2899556159973145,1.0,4.035700798034668,0.800000011920929
4,4.315203666687012,0.987500011920929,7.009180068969727,0.7599999904632568
5,4.570426940917969,0.9696969985961914,5.841665744781494,1.0
6,3.8148081302642822,0.9515151381492615,2.6056761741638184,0.8999999761581421
7,4.4189300537109375,0.9939393997192383,4.5010881423950195,1.0
