Model_Num,Best_Loss,Best_Acc,Best_Loss_Val,Best_Acc_Val
0,3.7056784629821777,0.9937499761581421,2.951788902282715,0.9599999785423279
1,6.1152777671813965,0.9750000238418579,8.68549919128418,0.7599999904632568
2,3.833339214324951,0.9937499761581421,3.5252292156219482,0.8399999737739563
3,5.106871604919434,0.9624999761581421,8.965354919433594,0.6399999856948853
4,3.629699230194092,0.9437500238418579,4.0608601570129395,0.800000011920929
5,3.8119728565216064,0.9818181991577148,2.7417826652526855,0.8500000238418579
6,5.645888328552246,0.9515151381492615,2.484320878982544,1.0
7,5.131402969360352,0.9939393997192383,5.417880058288574,0.699999988079071
