Model_Num,Best_Loss,Best_Acc,Best_Loss_Val,Best_Acc_Val
0,4.796266555786133,1.0,3.3022854328155518,0.8799999952316284
1,3.8645026683807373,0.9937499761581421,0.9621484875679016,1.0
2,3.5496582984924316,1.0,4.351754665374756,0.800000011920929
3,4.579132080078125,1.0,8.278480529785156,0.8399999737739563
4,4.142602920532227,1.0,4.437777519226074,0.7599999904632568
5,4.185780048370361,1.0,1.48940908908844,0.949999988079071
6,4.228870391845703,1.0,1.7660391330718994,0.8999999761581421
7,3.249927043914795,1.0,4.371346473693848,0.699999988079071
