Model_Num,Best_Loss,Best_Acc,Best_Loss_Val,Best_Acc_Val
0,6.493166923522949,1.0,6.169979095458984,0.9200000166893005
1,3.980463743209839,1.0,3.867504358291626,0.800000011920929
2,4.0570454597473145,0.9937499761581421,2.7536706924438477,0.9599999785423279
3,5.829453945159912,0.9937499761581421,4.551526069641113,1.0
4,5.818817615509033,0.9937499761581421,7.454044342041016,0.800000011920929
5,6.210269451141357,1.0,5.800009727478027,0.8500000238418579
6,2.220294713973999,0.9939393997192383,9.029058456420898,0.6499999761581421
7,3.835428476333618,1.0,2.5035088062286377,0.8500000238418579
