Model_Num,Best_Loss,Best_Acc,Best_Loss_Val,Best_Acc_Val
0,4.4611310958862305,1.0,6.320321083068848,0.7599999904632568
1,3.6292521953582764,0.9937499761581421,4.268001556396484,0.7599999904632568
2,5.875200271606445,1.0,6.8725666999816895,0.6399999856948853
3,5.868681907653809,0.9312499761581421,8.698546409606934,1.0
4,5.163068771362305,1.0,2.4970428943634033,0.9599999785423279
5,3.967874050140381,0.9818181991577148,3.2631049156188965,1.0
6,4.048771858215332,0.9939393997192383,4.8051958084106445,0.699999988079071
7,3.8333818912506104,1.0,3.9339332580566406,1.0
