Model_Num,Best_Loss,Best_Acc,Best_Loss_Val,Best_Acc_Val
0,3.5161643028259277,1.0,6.429243564605713,0.5199999809265137
1,4.444056510925293,1.0,6.564706325531006,0.9200000166893005
2,2.477799654006958,1.0,3.8960678577423096,0.7200000286102295
3,3.3719325065612793,1.0,4.181285858154297,0.8399999737739563
4,4.518856525421143,1.0,1.3817894458770752,0.9200000166893005
5,3.0007195472717285,1.0,4.694818496704102,1.0
6,3.3058130741119385,1.0,2.226816415786743,0.8500000238418579
7,3.926072359085083,1.0,8.538337707519531,0.5
