Model_Num,Best_Loss,Best_Acc,Best_Loss_Val,Best_Acc_Val
0,2.9259767532348633,1.0,2.3251640796661377,0.8799999952316284
1,2.121025800704956,1.0,6.478212833404541,0.7200000286102295
2,3.9868004322052,1.0,4.4921793937683105,0.8799999952316284
3,1.9591515064239502,1.0,1.2967276573181152,0.9599999785423279
4,6.748727321624756,0.5625,6.169979095458984,0.6000000238418579
5,3.26556658744812,1.0,5.695708274841309,0.8500000238418579
6,3.1394827365875244,1.0,1.951102614402771,0.949999988079071
7,2.2703821659088135,1.0,1.6772661209106445,0.949999988079071
