Model_Num,Best_Loss,Best_Acc,Best_Loss_Val,Best_Acc_Val
0,4.955731391906738,0.987500011920929,12.339958190917969,0.7200000286102295
1,2.3424558639526367,1.0,3.2761948108673096,0.8799999952316284
2,3.013859510421753,0.981249988079071,5.617917537689209,0.6399999856948853
3,4.778125762939453,1.0,4.7078537940979,0.8399999737739563
4,6.267312049865723,0.9937499761581421,2.902815341949463,0.9599999785423279
5,5.2261962890625,0.9878787994384766,6.341601371765137,0.949999988079071
6,4.455097675323486,0.9939393997192383,5.548605442047119,0.699999988079071
7,3.4558091163635254,1.0,1.1641387939453125,1.0
