Model_Num,Best_Loss,Best_Acc,Best_Loss_Val,Best_Acc_Val
0,3.9415156841278076,1.0,4.7235517501831055,0.7200000286102295
1,4.243459224700928,1.0,3.171351909637451,0.8399999737739563
2,2.8765952587127686,1.0,5.126780986785889,0.6800000071525574
3,4.9039177894592285,1.0,3.436431646347046,0.8399999737739563
4,5.70073127746582,0.9937499761581421,9.254969596862793,0.6000000238418579
5,3.6295292377471924,1.0,3.389219284057617,0.800000011920929
6,3.7528250217437744,1.0,0.8767855763435364,0.949999988079071
7,3.980865716934204,1.0,0.8298748731613159,1.0
