Model_Num,Best_Loss,Best_Acc,Best_Loss_Val,Best_Acc_Val
0,4.827632904052734,1.0,9.586566925048828,1.0
1,2.1776416301727295,1.0,3.2347183227539062,0.800000011920929
2,2.9630064964294434,1.0,5.654115200042725,0.7599999904632568
3,4.743017673492432,1.0,4.14289665222168,0.8799999952316284
4,4.019155025482178,0.9937499761581421,3.8732404708862305,0.7599999904632568
5,2.9214744567871094,1.0,4.75078821182251,0.699999988079071
6,3.2799227237701416,1.0,4.0758466720581055,0.8500000238418579
7,1.9168105125427246,1.0,0.9493409991264343,1.0
